{
    "categories": [
        {
            "id": 1,
            "name": "Erişteler"
        },
        {
            "id": 2,
            "name": "Soslar"
        },
        {
            "id": 3,
            "name": "Konserveler"
        }
    ],
    "products": [
        {
            "id": 1,
            "name": "A Erişte",
            "price": 1.99,
            "image": "https://meihuamarket.com/image/cache/catalog/urunler/pirinc-makarnasi-mifen-rice-noodle-900x800.jpg",
            "category": 1
        },
        {
            "id": 2,
            "name": "A Sos",
            "price": 2.99,
            "image": "https://meihuamarket.com/image/cache/catalog/urunler/pirinc-makarnasi-mifen-rice-noodle-900x800.jpg",
            "category": 2
        },
        {
            "id": 3,
            "name": "A Konserve",
            "price": 3.49,
            "image": "https://meihuamarket.com/image/cache/catalog/urunler/pirinc-makarnasi-mifen-rice-noodle-900x800.jpg",
            "category": 3
        },
        {
            "id": 4,
            "name": "B Erişte",
            "price": 1.99,
            "image": "https://meihuamarket.com/image/cache/catalog/urunler/pirinc-makarnasi-mifen-rice-noodle-900x800.jpg",
            "category": 1
        },
        {
            "id": 5,
            "name": "B Sos",
            "price": 2.99,
            "image": "https://meihuamarket.com/image/cache/catalog/urunler/pirinc-makarnasi-mifen-rice-noodle-900x800.jpg",
            "category": 2
        },
        {
            "id": 6,
            "name": "B Konserve",
            "price": 3.49,
            "image": "https://meihuamarket.com/image/cache/catalog/urunler/pirinc-makarnasi-mifen-rice-noodle-900x800.jpg",
            "category": 3
        }
    ]
}